Sl.no,"Electrical Conductivity
",TDS,pH ,Total Alkalinity  ,Total Hardness ,Chloride ,Sulphate  ,Calcium ,Magnesium ,Fluoride ,Iron  ,Turbidity 
1,251,150,8.09,77,76,17.24,6.73,20.54,6,0.11,0.18,2.9
2,244,150,7.97,83,78,13.61,5.29,21,6,0.17,0.13,3.5
3,218,140,7.97,68,67,12.71,4.81,18.02,5.54,0.1,0.17,3
4,373,190,8.04,91,95,19,5.58,24,8.31,0.16,0.11,2.4
5,262,160,7.9,88,82,15.43,6.25,23.58,5.54,0.13,0.11,2.1
6,260,160,8.05,83,80,15,5.58,22.82,5.54,0.15,0.17,3.3
7,273,170,8.02,91.8,95,17.24,5.58,24.34,8.31,0.16,0.11,2.4
8,255,160,8.06,76,76,15,5.6,20.54,6,0.1,0.18,2.9
9,266,160,8.02,91,95,17,5.58,24,8.31,0.15,0.14,3.1
10,290,180,8.03,97,99,18.15,5.96,25.11,8.77,0.13,0.18,4
11,300,190,7.96,86,91,19,7.22,24,7.95,0.21,0.25,3.2
12,279,170,7.42,100,100,19,6.25,28.15,7.39,0.21,0.18,4.5
13,396,250,7.99,120,133,24,6.25,30.43,13.85,0.19,0.22,4.7
14,400,250,7.62,122,135,25,6.2,31.19,13.85,0.22,0.57,13.1
15,300,190,7.15,42,42,15,6.4,13.7,1.9,0.12,0.17,3.5
16,292,180,2.79,45,51.3,15.17,616,13.69,4.16,0.11,0.15,4.8
17,290,180,7.36,40,51,15.17,6.16,13.69,3.5,0.11,0.14,4.8
18,307,15,7.45,42,44,14,6.16,11.41,3.69,0.11,0.19,4.8
19,411,255,7.45,86,93,24.95,8.37,25.11,7.39,0.12,0.17,3.9
20,299,185,7.74,46,51,15.17,6.16,13.69,4.16,0.11,0.14,2.2
21,290,180,2.92,48,51,15.17,6.16,13.69,4.16,0.11,0.13,2.6
22,290,180,7.83,46,51,15.16,6.16,13.69,4.16,0.11,0.13,2.2
23,290,180,7.96,46,51,15.17,6.16,13.96,4.16,0.11,0.15,4.5
24,292,180,6.9,48,53,15,6.2,13.7,4.62,0.11,0.12,3.8
25,416,260,7.73,86,95,24.95,8.47,25.11,7.85,0.11,0.15,2.5
26,419,260,7.19,86,95,25,8.7,25,7.85,0.11,0.11,1.9
27,381,240,7.05,54,60,18,7.12,16.74,4.62,0.12,0.15,2.2
28,476,300,7.12,92,100,27,9.7,26,8.31,0.14,0.22,4.3
29,467,290,7.05,88,96,26,9.4,25,8.31,0.13,0.6,32
30,343,210,7.15,46,51,16,6.5,14,3.69,0.13,0.15,3.5
31,360,230,6.75,50,55,17,6.6,15,4.16,0.1,0.12,3.3
32,271.9,170,7.44,90.3,94.5,24.52,12.07,23.54,8.68,16,0.13,3.8
33,357.4,220,7.81,128.1,126,36.78,11.06,30.27,12.25,0.3,0.12,3.5
34,286.4,180,7.65,92.4,98.7,25.46,13.58,25.23,8.68,0.21,0.1,3.4
35,286.1,180,7.08,92.4,98.7,25.46,13.58,25.4,8.68,0.21,0.12,3.6
36,268.8,170,7.86,94.5,98.7,26.4,13.58,26.4,8.16,0.21,0.14,3.1
37,283.9,180,7.85,92.4,98.7,25.46,12.32,24.38,9.19,0.15,0.07,2.5
38,289.4,180,7.86,92.4,98.7,25.46,12.95,24.38,9.19,0.17,0.07,2.7
39,298.3,190,7.83,94.5,98.7,25.46,12.95,25.23,8.68,0.23,0.07,2.7
40,392.1,250,7.83,130.2,130.2,37.72,11.44,31.11,12.76,0.29,0.06,1.9
41,255.8,160,7.54,92.4,96.6,25.23,13.2,25.23,8.16,0.23,0.11,2.6
42,306.4,190,8.06,94.5,105,25.46,13.95,26.07,9.7,0.22,0.11,2.7
43,353,220,7.96,128.1,126,35.83,11.69,29.43,12.76,0.27,0.12,1.9
44,409.9,260,7.84,132.3,144.9,44.32,10.56,32.79,15.31,0.31,BDL,1
45,402.1,260,7.93,132.3,144.9,45.26,11.06,33.63,14.8,0.31,0.18,4.5
46,277.9,180,7.21,90.3,96.6,24.52,12.32,24.38,8.68,0.17,0.08,2.3
47,289.3,180,7.44,92.4,98.7,25.46,13.58,25.23,8.68,0.21,0.1,3.5
48,363.7,230,7.91,130.2,128.1,36.78,12.32,30.27,12.76,0.27,0.12,1.9
49,271.9,170,7.44,90.3,94.5,24.52,12.07,23.54,8.68,0.16,0.13,3.8
50,357.4,220,7.81,128.1,126,36.78,11.06,30.27,12.25,0.3,0.12,3.5
51,286.4,180,7.65,92.4,98.7,25.46,13.58,25.23,8.68,0.21,0.1,3.4
52,286.1,180,7.08,92.4,98.7,25.46,13.58,25.4,8.68,0.21,0.12,3.6
53,268.8,170,7.86,94.5,98.7,26.4,13.58,26.4,8.16,0.21,0.14,3.1
54,283.9,180,7.85,92.4,98.7,25.46,12.32,24.38,9.19,0.15,0.07,2.5
55,289.4,180,7.86,92.4,98.7,25.46,12.95,24.38,9.19,0.17,0.07,2.7
56,298.3,190,7.83,94.5,98.7,25.46,12.95,25.23,8.68,0.23,0.07,2.7
57,392.1,250,7.83,130.2,130.2,37.72,11.44,31.11,12.76,0.29,0.06,1.9
58,255.8,160,7.54,92.4,96.6,25.23,13.2,25.23,8.16,0.23,0.11,2.6
59,306.4,190,8.06,94.5,105,25.46,13.95,26.07,9.7,0.22,0.11,2.7
60,353,220,7.96,128.1,126,35.83,11.69,29.43,12.76,0.27,0.12,1.9
61,409.9,260,7.84,132.3,144.9,44.32,10.56,32.79,15.31,0.31,BDL,1
62,402.1,260,7.93,132.3,144.9,45.26,11.06,33.63,14.8,0.31,0.18,4.5
63,277.9,180,7.21,90.3,96.6,24.52,12.32,24.38,8.68,0.17,0.08,2.3
64,289.3,180,7.44,92.4,98.7,25.46,13.58,25.23,8.68,0.21,0.1,3.5
65,363.7,230,7.91,130.2,128.1,36.78,12.32,30.27,12.76,0.27,0.12,1.9
66,344,220,8,92,91,26.91,8.08,24.34,7.39,0.12,0.23,4.8
67,349,220,7.93,92,91,25.93,7.98,24.34,7.39,0.11,0.15,2.8
68,361,220,7.99,95,93,26.91,8.18,25.11,7.39,0.12,0.21,3.2
69,350,220,8.06,92,89,25.93,7.6,24.34,6.93,0.12,0.24,4.9
70,385,240,7.74,92,91,25.93,7.6,25.87,6.46,0.13,0.18,2.2
71,344,220,7.9,90,87,24.95,7.41,23.58,6.93,0.1,0.12,3
72,338,210,8,88,85,23.93,7.6,22.34,6.93,0.14,0.22,3
73,351,220,7.72,92,89,25.93,7.6,24.34,6.93,0.12,0.21,2.9
74,360,220,8.11,96,91,26.91,7.98,24.34,7.39,0.12,0.12,1.6
75,325,200,7.62,78,78,7.34,6.64,22.06,5.54,0.13,0.13,3.2
76,426,270,7.82,100,99,30.82,8.37,27.39,7.39,0.12,0.13,2.3
77,394,250,7.72,96,93,26.91,7.6,25.83,6.93,0.11,0.18,2.3
78,406,250,7.67,98,95,28.86,8.08,26.63,6.93,0.13,0.13,2.4
79,474,290,7.41,108,106,31.8,8.75,30.43,7.39,0.18,0.78,1.3
80,433,270,7.31,107,104,31.8,8.56,29.67,7.39,0.22,0.74,50
81,366,230,7.89,88,85,23.97,7.22,22.82,6.93,0.13,0.15,3.3
82,366,230,7.89,98,95,26.91,8.37,25.87,7.39,0.12,0.23,3.8
83,400,250,7.83,86,87,21,6.45,22,7.85,0.15,0.13,2.1
84,405,250,7.86,86,87,21,6,22.82,7.39,0.14,0.15,2
85,420,266,8.01,91,89,22,7,25,6.46,0.11,0.2,3.4
86,520,320,8.03,106,114,28,6.73,31,8.31,0.1,0.13,3
87,410,260,7.95,88,87,22,7.22,23,6.93,0.12,0.18,3.5
88,420,260,7.31,91,91,22,7.2,26,6.46,0.11,0.13,2.5
89,410,260,7.84,89,87,20,6.9,22.82,7.39,0.11,0.13,3
90,512,320,7.26,100,110,26,8.18,25.67,8.77,0.12,0.23,3.3
91,402,240,7.83,99,100,24,6.9,24,5.93,0.1,0.12,2.5
92,515,320,7.86,103,122,28,6.73,32,10.6,0.12,0.15,4.3
93,500,310,7.85,104.5,108,27,7.22,29,8.31,0.11,0.17,3
94,443,280,7.89,81,74,21,7.8,18,6.93,0.12,0.13,2.5
95,576,360,7.92,108,133,32,7.22,31,13,0.13,0.12,4.5
96,543,340,7.13,109,133,32,5.8,33,12.5,0.23,0.52,10
97,349,220,7.92,80,84,20.06,7.7,23.58,6,0.21,0.1,2.8
98,327,200,7.93,74.1,79.8,17.12,6.45,21.3,6.46,0.15,0.17,2.5
99,326,200,7.92,74,80,17,6.4,21,6.5,0.11,0.18,2.7
100,419,250,8,95,99,29.84,7.98,27.39,7.39,0.19,0.25,3.5
101,315,190,7.77,72,78,16,6.5,21,6.45,0.1,0.23,3.7
102,360,220,7.9,30,87,22.99,7.7,27.39,4.52,0.17,0.21,2.5
103,326,200,8.07,74,80,17,6.4,21,6.46,0.11,0.21,3.2
104,326,200,7.89,74,80,17.12,6.16,20.54,6.93,0.13,0.17,3.1
105,331,210,7.55,75,82,18.1,6.64,22.06,6.46,0.12,0.15,1.8
106,417,250,7.93,93,97,28.96,7.79,27.39,6.93,0.15,0.23,3.7
107,429,270,8.17,99,101,30.82,8.47,28.91,5.93,0.21,0.18,2.2
108,429,270,8.01,99,101,30.82,8.47,28.91,6.93,0.21,0.21,2.4
109,423,270,7.4,98.8,103,30.82,8.56,28.91,7.39,0.24,0.74,3.5
110,450,280,744,101,104,31.8,7.6,29.67,7.39,0.18,0.71,50
111,334,210,7.6,80,87,18,7.29,24,6.93,0.14,0.11,2.3
112,349,220,7.22,80,84,20.08,7.7,24,6,0.21,0.1,BDL
113,348,220,7.96,78,84,20,7.98,24,6,0.21,0.15,2
114,385,240,8.07,82,90,24,7.79,29,4.16,0.14,0.14,BDL
115,478,300,8.07,102,106,26,7.5,28,8.77,0.12,0.07,BDL
116,328,200,8,74,76,18,7.5,22,5.08,BDL,0.07,BOL
117,366,230,8.08,80,87,23,7.7,27,4.62,0.17,0.11,BDL
118,385,240,8.01,87,93,28.86,0.18,31.95,3.23,0.2,0.24,2.5
119,333,210,7.35,76,77,19,7.7,22.12,5.08,0.11,0.14,4.8
120,370,230,8.26,84,92,28,7.7,30,1.7,0.11,0.16,BOL
121,485,300,1.05,106,110,30,8.18,28,9.23,0.23,0.16,BOL
122,455,290,8.09,100,106,28,7.81,28,0.23,0.1,0.1,BOL
123,440,270,8.1,90.9,104,26.01,7.5,25.07,9.7,0.1,0.11,BOL
124,541,340,8.1,112,115,33,7.9,32,9.21,21,0.1,BOL
125,528,330,11.2,112,114,33,8.56,32,8.8,0.23,0.51,6
126,348,220,7.38,84,95,21,5.48,25,8.31,0.12,0.23,4.8
127,350,230,7.34,82,96,21,5.77,26,7.85,0.1,0.11,2.8
128,369,230,7.31,85,93,20,6.25,24,7.85,0.11,0.11,1.8
129,490,310,7.93,104,117,28,6.54,31,9.7,0.11,0.21,4.9
130,373,230,8.11,90,93,20,6.54,25,7.85,0.12,0.21,2.6
131,355,220,7.98,82,89,21,6.25,24,6.93,0.13,0.11,2
132,385,240,7.81,91.2,91,19,6.54,27,6,0.11,0.15,2.6
133,407,250,8.01,99,100,25,6.73,26.63,8.31,0.12,0.21,4.8
134,491,310,8.06,104,112,28,7.7,28.9,9.7,0.12,0.18,3.4
135,486,310,8.06,103,106,26,7.22,28.15,8.77,0.11,0.17,3.9
136,490,310,8.02,104,107,27,7.41,28,8.77,0.15,0.17,3.7
137,531,340,7.92,136,144,31.8,7.7,32.71,15.24,0.13,0.21,2.6
138,549,340,8.09,136,142,30.82,8.08,32.71,14.77,0.15,0.53,13
139,384,240,7.62,75,91,17,4.9,24,7.39,0.11,0.12,2
140,396,250,7.46,82,95,18,5.7,27,6.9,0.1,0.07,2.1
141,375,230,7.9,79,86,19,5.96,22,6.93,0.12,0.12,1.9
142,455,280,8.1,102,115,28,6.35,30,9.7,0.11,0.1,2.9
143,350,220,8.33,86,91,19,5.48,22,8.31,0.1,0.22,2.4
144,374,230,7.92,76,91,16,5.58,23,8.31,0.12,0.15,2
145,340,210,8.26,83,84,17,5.77,24,5.54,0.11,0.1,1.4
146,363,230,7.89,74,89,16,5,21,3.77,0.1,0.13,3.2
147,362,220,8.1,100,104,21,6.25,23.58,11,0.12,0.15,2.2
148,455,280,8.11,103,106,22,6.93,27,9.23,0.13,0.14,3.6
149,467,290,8.16,106,108,22,7.5,30,7.85,0.15,0.27,3.3
150,404,250,8.23,99,106,22,5.77,25,10.62,0.11,0.14,2.9
151,460,290,7.93,131,133,24,7.5,34,11.54,0.15,0.24,3.8
152,510,320,7.27,137,140,27,8.18,34,13.95,0.17,0.57,11
153,333,210,7.38,74,93,20,5.1,23.58,8.31,0.1,0.18,3.5
154,320,200,7.05,79,95,19,5.4,25,7.85,0.11,0.11,2.6
155,343,220,7.98,80,88,20,5.77,24,6.93,0.11,0.13,2.8
156,447,280,7.96,100,114,27,6.16,29.67,9.7,0.11,0.14,4.9
157,316,200,7.92,79,91,19,5.48,22.82,8.31,0.1,0.17,2.6
158,333,210,7.84,74,91,19,5.77,23.6,7.85,0.12,0.13,2.8
159,345,220,7.96,85,84,17,5.77,25.11,5.08,0.11,0.15,4.8
160,335,210,7.89,74,91,19,5,24,7.85,0.12,0.11,2.8
161,350,220,7.8,89,88,20,5.77,25.11,5.08,0.12,0.14,3.6
162,444,280,7.21,106,104,22,6.73,26.6,9.23,0.12,0.18,4.5
163,431,270,7.65,100,106,25,7.22,29.67,7.85,0.12,0.18,4.8
164,452,280,7.72,108,116,27,6.73,29.67,7.85,0.11,0.18,4.8
165,480,300,7.74,128,139,30,7.6,32,14.31,0.15,0.18,4.8
166,484,300,7.88,134,139,30,7.89,32,14.31,0.15,0.64,18
167,324,200,8.15,83,84,17,5.3,22.8,6.46,0.1,0.15,3.3
168,326,200,8.1,85,87,18,5.4,24,6.93,0.11,0.13,4.1
169,322,200,8.06,83,80,18,5.7,21,6.93,0.11,0.12,3.4
170,425,270,8.15,108,106,23,6.3,28.15,8.8,0.12,0.33,4.8
171,318,190,7.96,81,84,17,5,23,6,0.13,0.15,3
172,319,200,8.04,81,85,18,5.2,22,7.4,0.12,0.21,3
173,303,190,8.15,97,101,20,6.16,22,11,0.15,0.15,3.4
174,423,260,8.25,106,106,23,6.6,27,9.3,0.15,0.13,4.9
175,392,250,8.2,103,106,21,6.35,27.39,9.23,0.11,0.32,4.8
176,348,220,8.07,102,104,22,5.58,24,10.7,0.12,0.21,4.8
177,453,280,8.1,133,138,27,7.12,32.7,14,0.15,0.23,4.8
178,441,280,8.1,131,136,25,7.7,32,14,0.15,0.55,"21.00
"
179,320,200,7.62,81,84,16,5.1,22.9,6.5,0.1,0.15,4.8
180,305,190,7.32,82,80,17,5,23,5.6,0.1,0.11,4.8
181,313,200,8.1,82,78,17,5.6,21,4.46,0.11,0.12,4.8
182,419,260,8.12,105,114,26,6.3,30,9.7,0.1,0.21,4.9
183,318,200,7.97,83,86,19,5.4,22,7.4,0.1,0.21,4.9
184,310,190,8.14,82,84,16,5.2,22.9,6.46,0.13,0.21,3.9
185,306,190,7.32,82,80,17,5.6,23,5.6,0.11,0.1,3.6
186,314,200,7.88,81,84,19,5.4,21.3,7.4,0.12,0.18,3.9
187,323,200,8.27,99,102,21,6.16,23,11,0.13,0.19,4.8
188,413,260,8.01,104,104,21,6.7,27,9.23,0.13,0.13,4.9
189,399,250,8.07,103,104,21,6.3,26,9.23,0.12,0.32,4.9
190,396,250,8.02,99,106,23,5.8,25,10.6,0.11,0.21,4.9
191,447,280,8.01,134,141,27,7.31,33,14,0.12,0.21,4.3
192,448,280,7.97,131,139,26,7.7,32,14.3,0.15,0.5,14
193,308,190,8.15,81,79,16,5.3,23,5.6,0.1,0.18,3.8
194,277,170,7.16,81,86,17,5.2,22,7.39,0.13,0.11,3.4
195,307,190,8.16,82,78,18,5.8,20,6.93,0.1,0.15,4.8
196,368,230,8.12,100,102,21,5.96,27,8.31,0.11,0.21,3.9
197,311,190,8.15,84,82,19,5.8,21,6.93,0.12,0.12,3.7
198,296,180,8.25,87,87,18,5.6,25,6,0.13,0.11,2.5
199,318,200,8.19,91,91,19,5.2,24.4,7.39,0.15,0.21,4.2
200,304,190,8.2,79,84,18,5,21,7.4,0.12,0.23,2.5
201,323,200,8.08,99,102,21,6.54,23,11.03,0.12,0.21,4.9
202,394,250,8.2,102,104,22,6.25,27,9.23,0.13,0.15,3.3
203,395,240,8.37,104.5,104,20,6.16,27.39,8.77,0.11,0.32,4.8
204,392,240,3.17,106,105,20,5.96,25.87,9.7,0.13,0.18,4.2
205,435,270,8.3,131,136,27,6.93,32,14,0.15,0.21,4.3
206,430,270,8.12,131,137,26,6.73,31,14,0.15,0.53,21
207,320,190,8.08,83,84,16,5.39,23.58,6,0.1,0.32,3.8
208,315,200,7.83,84.6,87.4,18,5.77,22.82,7.39,0.11,0.14,4.4
209,300,180,8.04,79,79.8,18,5.58,20.54,6.93,0.1,0.15,3.9
210,360,230,7.98,97,102,21,5.96,27,8.31,0.12,0.25,3.9
211,313,190,8.01,81,84,17,5.58,22.06,6.93,0.1,0.13,4.5
212,376,240,7.95,93.6,96.9,19,6.25,27,7.39,0.12,0.13,2.9
213,278,170,7.75,82,89,16,5,23.58,7.39,0.13,0.18,3
214,310,190,7.95,82,85,18,5.19,22,7.39,0.11,0.23,3.6
215,298,180,7.74,82,80.6,18,6.54,20,7.39,0.15,0.16,2.8
216,377,240,7.84,96,102,22,6.54,25.87,9.23,0.12,0.23,4.3
217,390,240,7.99,97,95,19,5.96,26.13,6.93,0.1,0.44,3.8
218,300,190,8.02,92,89,17,5.77,22,8.31,0.15,0.13,3.3
219,376,230,7.72,113,123,23,5.58,27,13.39,0.15,0.14,3.1
220,400,250,7.71,122,135,26,6.73,31,13.85,0.17,0.71,18
221,260,160,7.4,83,80,14,5.4,22,6,0.1,0.11,2
222,241,150,7.18,81,76,13,4.8,20,6.46,0.32,0.35,3
223,243,150,8.2,81,76,14,5.8,22,5.08,0.1,0.17,3
224,350,230,7.98,99,104,20,5.77,26.4,9.23,0.1,0.34,2.2
225,300,190,7.9,85,87,17,6.54,22.9,7.39,2.13,2.13,2.7
226,319,200,7.98,90,95,17,6.7,26,7.39,0.1,9.11,1.8
227,307,190,8.02,90,95,16,5.3,24,8.31,0.13,0.13,2.29
228,304,190,7.3,86,91,17,5.6,22.3,4.3,3.1,0.13,2
229,290,180,7.96,81,79,17.24,4.73,20,5,0.17,0.18,2.14
230,329,210,794,94,100,19,5.99,25.11,123,0.12,0.19,1.7
231,290,160,8.11,88,91,17.34,5.59,24.11,6,6.12,0.12,1.5
232,239,150,8.02,88,11,14,8.38,22.06,6.46,4.15,0.25,1
233,383,240,1.01,177,129,22.19,5.96,28.01,18.45,0.17,0.48,4.5
234,187,200,8,122,135,24.5,6.44,11.25,12.9,3.14,0.28,15
235,251,150,8.09,77,76,17.24,6.73,20.54,6,0.11,0.18,2.9
236,244,150,7.97,83,78,13.61,5.29,21,6,0.17,0.13,3.5
237,218,140,7.97,68,67,12.71,4.81,18.02,5.54,0.1,0.17,3
238,373,190,8.04,91,95,19,5.58,24,8.31,0.16,0.11,2.4
239,262,160,7.9,88,82,15.43,6.25,23.58,5.54,0.13,0.11,2.1
240,260,160,8.05,83,80,15,5.58,22.82,5.54,0.15,0.17,3.3
241,273,170,8.02,91.8,95,17.24,5.58,24.34,8.31,0.16,0.11,2.4
242,255,160,8.06,76,76,15,5.6,20.54,6,0.1,0.18,2.9
243,266,160,8.02,91,95,17,5.58,24,8.31,0.15,0.14,3.1
244,290,180,8.03,97,99,18.15,5.96,25.11,8.77,0.13,0.18,4
245,300,190,7.96,86,91,19,7.22,24,7.95,0.21,0.25,3.2
246,279,170,7.42,100,100,19,6.25,28.15,7.39,0.21,0.18,4.5
247,396,250,7.99,120,133,24,6.25,30.43,13.85,0.19,0.22,4.7
248,400,250,7.62,122,135,25,6.2,31.19,13.85,0.22,0.57,13.1
249,156,100,7.74,45,47,14,4.6,14,2.8,0.13,0.11,4.5
250,155,100,7.91,47,47,15,4.7,14,2.8,0.13,0.15,4.8
251,159,100,7.77,47.5,49,16,4.95,14,3,0.1,0.13,4.9
252,289,180,7.73,95,113,25,5.7,22,13.8,0.11,0.11,1.5
253,150,100,7.91,47,45,15,4.3,14,2.4,0.11,0.14,4.8
254,150,100,7.99,47,47,15,4.7,14.9,2.4,0.11,0.11,4.5
255,194,130,7.96,81,94,16,5.5,19,11,0.1,0.51,10
256,164,110,7.69,49,50,16,5.3,16,2.9,0.13,0.12,4.9
257,248,150,7.15,87,107,24,5.3,22,13,0.11,0.12,3
258,290,180,7.71,95,117,25,5.7,23,14,0.1,0.09,1.3
259,289,180,7.65,93,115,26,5.3,21.9,14.7,0.13,0.11,1.5
260,285,180,7.47,93,115,25,5.5,21.9,14.8,0.1,0.13,1.5
261,277,170,7.34,91,111,24,5,21,14,0.11,0.14,2
262,279,170,7.33,93,113,25,5.5,22,14,0.13,0.5,9.5
263,165,110,7.74,47,49,15,4.95,14.9,2.86,0.11,0.12,4.8
264,175,110,7.8,49,49,16,4.8,15,2.9,0.11,0.16,4.9
265,170,110,7.85,49,50,17,5.2,14,3.8,0.1,0.11,4.6
266,295,190,7.85,95,100,21,4.28,20,11,0.11,0.13,2
267,165,110,7.95,49,47,16.38,4.6,15,2,0.1,0.16,4.5
268,170,110,8,49,49,16,4.8,15,2.4,0.11,0.13,4.8
269,240,150,7.99,85,98,18,5.7,20,11,0.13,0.51,11
270,185,120,7.58,51,52,16,5,15,3.33,0.1,0.15,4.5
271,260,170,7.35,80,98,20,4.8,18,12,0.1,0.11,4.8
272,310,200,7.8,95,109,25,5.5,22,13,0.1,0.15,2.5
273,275,180,7.65,93,98,21,5,20,11,0.13,0.11,4.5
274,265,170,7.47,81,98,19,4.6,18,12,0.13,0.15,4.5
275,330,210,7.8,95,115,26,5.2,23,14,0.12,0.14,2.5
276,310,200,7.75,91,111,25,5,20,15,0.13,0.74,6.8
277,166,110,7.72,57,70,15,4.76,17,6.45,0.12,0.14,2.4
278,165,110,7.24,57,68,15,5,17,6,0.12,0.12,2.3
279,155,100,7.58,53,60,13,4.57,14,6,0.1,0.12,2.3
280,311,190,8.1,98.8,111.08,26.3,5.9,26.43,11.11,0.11,0.12,2.2
281,156,100,7.53,53,63,13,4.95,15,6,0.12,0.15,3.7
282,167,110,7.78,57,70,16,5.24,18,5.97,0.11,0.13,1.8
283,311,190,8.1,98,111,26,6.19,27,10.6,0.12,0.19,3.5
284,161,110,7.73,55,68,15,4.57,17,5.98,0.1,0.15,2.1
285,177,110,8.03,64,66,15.39,4.57,13.61,7.93,0.1,0.15,2
286,307,190,8,96,109,25.31,5.9,26.43,10.6,0.11,0.12,1.9
287,314,200,8,104,111,27,6.71,27.23,10.6,0.12,0.12,1.6
288,311,200,8.01,98.8,111,26.38,5.9,27.23,10.62,0.11,0.14,2
289,317,200,7.97,100,113,27,6.47,28,10,0.1,0.2,3
290,182,120,6.65,62,66,17,5.52,16,6.4,0.12,0.05,1
291,174,110,7.1,57,60,14,5,14,6,0.15,0.07,RDL
292,180,120,6.64,60,64,16,5.3,15,6.5,0.11,0.14,1.8
293,319,200,7,95,117,29,8.4,28,11,0.26,0.14,3.2
294,181,120,6.61,63,67,16,5.24,16,6.4,0.12,0.07,1
295,182,120,6.72,62,66,17,5.5,16,6,0.11,0.07,BOL
296,256,160,5.69,76,84,23,8,20.02,8,0.12,0.11,2.9
297,175,110,6.82,59,60,15,5.1,14,6,0.11,0.05,1
298,172,110,7.2,60,62,15,4.8,15,6,0.11,0.05,BDL
299,303,200,7,93,115,27,8,27,11,0.24,0.15,3
300,317,200,7.1,95,117,28,8,28,11.5,0.24,0.19,4.2
301,321,200,7.1,104,109,34,7.8,28,9.66,0.15,0.22,3
302,330,210,7.1,104,109,33,8,28,9.76,0.26,0.15,4
303,338,210,7.5,104,109,34,9,28,3.8,0.15,0.46,8
304,177.7,110,7.32,64.6,65.96,BDL,3.27,17.87,5.19,0.11,BDL,1
305,191,120,6.98,70,72,10.76,3.66,20.2,5.19,0.15,0.08,1.7
306,222.8,140,7.28,98.9,102.82,18.59,4.71,31.07,6.13,0.16,0.33,3.3
307,312.3,195,7.45,114,124,19.57,5.19,38.84,6.6,0.22,0.22,4.9
308,183.8,115,7.25,70.3,73.76,10.76,3.75,20.2,5.66,0.15,0.07,1.4
309,187.1,115,7.21,72.2,75.66,11.74,3.85,21.75,5.19,0.16,0.1,1.3
310,180.9,110,7.12,68.4,71.78,0.27,3.56,19.42,5.66,0.14,0.07,1.2
311,281.4,170,8.03,108.3,112.32,22.01,5.87,31.85,8.01,0.17,0.19,3
312,311.8,195,7.29,112.1,122.2,19.08,5,37.29,7.07,0.19,0.2,4.5
313,294.5,180,7.48,115.9,118.34,23.97,6.35,34.18,8.01,0.19,0.24,3.8
314,305.9,190,8.1,119.7,120.28,25.44,6.64,37.29,6.6,0.21,0.24,3.7
315,309.7,190,8.11,121.6,122.2,25.93,6.73,38.06,6.6,0.22,0.24,4.2
316,318.3,200,7.76,117.8,124.15,24.45,6.45,38.84,6.6,0.21,0.35,10.1
317,173,110,7.55,60.8,60,11,5.1,20,2.36,0.1,0.3,3.8
318,180,120,7.35,62,60,16.8,5,20,2.36,0.17,0.14,2
319,173,110,7.63,66,67,12,5.4,20,4,0.11,0.21,2.4
320,297,190,7.65,108,114,23,7.3,32,8,0.2,0.29,4.7
321,175,110,7.74,64,65,11,5.2,20,3.8,0.11,0.21,2.4
322,169,110,7.45,60,58,11,4.9,19,2.36,0.14,0.17,2.2
323,177,110,7.72,66,68,11.8,5.3,20,4.24,0.11,0.23,2.4
324,168,110,7.4,60,58,11,4.6,18,2.8,0.13,0.16,2.3
325,183,120,7.94,62,60,11,4.8,20,20.36,0.17,0.14,2.5
326,290,180,7.7,106,112,22,7,32,7.54,0.2,0.31,4.1
327,292,180,7.73,108,114,24,7.7,33,7.54,0.21,0.31,4.2
328,293,130,7.98,108,114,23,7.6,33,7.54,0.21,0.28,3.9
329,291,150,7.71,108,114,22,7.6,33.4,7.5,0.21,0.31,4.5
330,284,180,7.73,106,112,22,7.3,32,7.5,0.21,0.37,10.5
331,175,110,8,68,71,BDL,3.5,19,5.6,0.11,0.05,2
332,315,200,6.95,114,126,20,5.3,38,7.5,0.22,0.18,4.8
333,168,110,7.64,60,65,BDL,3.4,18,4.7,0.1,0.06,2.1
334,285,180,7.96,110,112,23,6,34,6.6,0.17,0.45,4.8
335,176,110,7.74,68,71,11,3.7,18,6.1,0.12,0.06,1.4
336,165,110,7.74,60,65,BOL,3.3,17.9,5.2,0.11,0.05,1.9
337,172,110,7.89,66,70,BDL,3.5,18,5.7,0.14,0.06,1.5
338,170,110,7.66,62,67,BDL,3.3,17.1,6.1,0.13,BDL,1.4
339,255,160,7.48,104,108,19,5.1,32.6,6.5,0.17,0.35,3.8
340,300,190,7.8,110,120,19,4.7,37,6,0.18,0.17,4.6
341,295,190,7.74,112,116,24,6.1,34,7.5,0.22,0.38,4.4
342,313,200,7.64,114,124,19,5.1,38,7,0.2,0.21,4.9
343,290,180,7.48,112,114,23,6.2,32,8.01,0.18,0.23,4.5
344,298,190,7.65,114,116,24,6.5,23,7.54,2,0.55,8.3
345,173,110,7.55,60.8,60,11,5.1,20,2.36,0.1,0.3,3.8
346,180,120,7.36,62,60,16.8,5,20,2.35,0.17,0.14,2
347,173,110,7.68,66,67,12,5.4,20,4,0.11,0.21,2.4
348,297,190,7.65,108,114,23,7.3,32,8,0.2,0.29,4.7
349,175,110,7.74,64,65,11,5.2,20,3.8,0.11,0.21,2.4
350,169,110,7.45,60,58,11,4.9,19,2.36,0.14,0.17,2.2
351,177,110,7.72,66,68,11.8,5.3,20,4.24,0.11,0.23,2.4
352,168,110,7.4,60,58,11,4.6,18,2.9,0.13,0.16,2.3
353,183,120,7.94,62,60,11,4.8,20,20.36,0.17,0.14,2.5
354,290,180,7.7,106,112,22,7,32,754,0.2,0.31,4.1
355,292,180,7.73,108,114,24,7.7,33,7.54,0.21,0.31,4.2
356,293,130,7.98,108,114,23,7.6,33,7.54,0.21,0.28,3.9
357,291,150,7.71,108,114,22,7.6,33.4,7.5,0.21,0.31,4.5
358,234,150,7.73,106,112,22,7.3,32,7.5,0.21,0.37,10.6
359,192,120,7.86,60.8,68,13,4.57,17.6,6,BDL,BDL,BDL
360,182,120,7.2,57,58,15,5,15,5,0.13,0.08,1.5
361,192,120,7.98,60,68,14,4.95,17,5.98,BDL,0.11,2.4
362,325,200,8,110,117,30,6.6,32,9.1,0.2,0.21,2.5
363,186,120,8,57,59,15,5.2,15,5,0.11,0.08,BDL
364,190,120,8,57,66,14,4.76,17,5.5,BDL,0.06,BDL
365,232,150,8.2,79,86,19,5.8,22,7.3,0.16,0.12,2.4
366,186,120,8.2,58,60,14,4.8,15,5.5,0.13,0.11,BDL
367,285,180,7.51,82,88,20,6.19,23,7,0.1,0.07,1.2
368,318,200,7.97,106,115,29,6.5,31,9.1,0.2,0.18,2.4
369,317,190,3.05,108,115,29,6.19,30,9.6,0.18,0.18,2.4
370,323,200,7.75,110.2,117,30,6.9,32,9.1,0.18,0.21,2.5
371,332,210,7.83,104,127,30,6.65,30,12.5,0.16,0.67,3.5
372,326,200,7.83,102,125,29,6.5,29.6,12.5,0.15,2,48
373,262,170,7.45,64.68,66.64,BDL,4.71,22.53,2.52,0.12,0.07,1.3
374,269,170,7.68,66.64,68.6,10.84,5.19,22.53,3,0.12,BDL,1.2
375,324,200,7.97,88.59,88.2,18.72,5.48,23.3,7.29,0.13,0.16,3.3
376,447,280,7.7,113.68,121.52,25.62,6.16,21.75,16.33,0.1,0.19,4.1
377,269,170,8.09,66.64,68.4,9.86,4.71,22.53,3,BDL,0.06,1.5
378,269,170,7.68,66.64,68.6,10.84,5.19,22.53,3,0.12,BDL,1.2
379,272,170,7.63,66.34,68.6,10.84,5.19,22.53,3,0.1,0.12,1.8
380,371,230,7.73,94.08,92.12,19.71,5.68,24.86,7.3,0.1,0.21,4.1
381,446,280,8.4,113.68,121.52,24.64,6.45,21.75,16.33,0.13,0.17,4.8
382,435,270,7.7,111.72,121.52,24.64,6.45,21.75,16.33,0.1,0.15,3
383,446,280,7.94,113.68,123.48,25.62,6.54,21.75,16.81,0.12,0.11,3.5
384,445,270,7.64,113.68,123.48,25.62,6.83,21.75,16.81,0.1,0.12,4.2
385,437,270,7.5,111.72,121.52,24.64,6.64,21.75,16,0.12,0.53,3.2
386,204,130,7.65,69,61,13,5,16,5,0.12,0.1,1.8
387,203,130,7,71,59,13,5,16,5,0.14,0.15,2.2
388,260,160,7.85,76,67,14,5,18,5,0.12,0.15,3.6
389,340,210,8,108,104,22,7,23,12,0.14,0.2,5
390,206,130,7.48,73,61,14,5,16,5,0.12,0.17,1.9
391,209,130,7.69,71,63,14,5,17,5,0.14,0.15,2.2
392,208,130,7.6,71,63,14,5,17,5,0.1,0.13,2.2
393,330,210,7.55,112,108,25,8,23,13,0.16,0.41,5
394,331,210,7.9,104,102,21,7,20,13,0.15,0.17,5
395,333,210,7.73,112,108,26,8,23,12,0.13,0.2,4.5
396,337,210,7.8,114,110,26,8,24,12,0.14,0.63,13
397,330,210,6.98,112,108,26,7,23,13,0.14,0.2,5
398,330,210,7.55,112,108,25,8,23,13,0.16,0.41,9
399,335,200,7.97,94,94,23,5.8,23,8.7,0.12,0.1,2.1
400,216,140,7.81,64,59,11,5.9,17,3.9,0.12,0.08,1.8
401,230,150,7.95,66,62,12,6.16,18,4,0.11,0.35,9.5
402,390,250,8.25,105,105,24,6.16,28,8.8,0.11,0.14,4.8
403,308,190,8.2,92,92,24,6,23,8.3,0.11,0.11,3.9
404,244,160,7.97,65,64,13,6,18.6,4.4,0.12,0.14,3.3
405,380,240,8.3,103,103,24,5.8,23,11.1,0.12,0.08,2.8
406,240,150,7.99,63,62,14,5.9,18.6,3.93,0.1,0.17,3.4
407,305,190,8.26,94,92,21,4.7,31,3.6,0.11,0.1,2.3
408,395,250,8.23,105,103,24,5.68,28,8.3,0.12,0.17,4.9
409,330,200,8.25,94,94,22.6,5.87,23,8.7,0.12,0.14,3
410,320,200,8.37,101,98,22,5.1,30,5.4,0.12,0.13,3.2
411,395,240,8.08,103,103,25,5.7,23,11,0.12,0.11,4
412,390,240,8.14,103,103,24,5.9,23,11,0.11,0.38,8
413,236,140,7.6,72,67,14,3.94,21,3,0.14,0.14,3.6
414,245,150,7.78,75,76,14,4.5,20,6,0.19,0.13,3.4
415,239,140,7.72,74,68,14,4.5,19,5.3,0.12,0.14,3.5
416,344.7,220,7.67,99,99,20,4.71,20,12,0.14,0.16,4.9
417,231,140,7.95,72,66,13,3.95,18,4.9,0.12,0.14,3.4
418,238,140,7.64,74,68,14,4.62,21,3.5,0.14,0.19,4.5
419,241,150,7.77,78,78,13.8,4.52,19,7.27,0.13,0.22,4.4
420,239,140,7.56,76,70,14,3.94,21,4,0.12,0.14,3.5
421,251,160,7.63,78,78,15,4.7,22,5.8,0.17,0.14,3.9
422,354,220,7.75,103,103,22,4.91,20,13,0.17,0.16,4.3
423,350,220,7.74,103,103,20,5.19,20,13,0.14,0.19,4.3
424,347,220,7.56,101,101,20,4.52,20,12.5,0.13,0.15,3.9
425,392,250,7.6,105,105,23,5.2,21.7,12.75,0.13,0.14,4
426,388,240,7.72,101,101,21,4.71,21.7,11.6,0.12,0.51,10
427,335,200,7.97,94,94,23,5.8,23,8.7,0.12,0.1,2.1
428,216,140,7.81,64,59,11,5.9,17,3.9,0.12,0.08,1.8
429,230,150,7.95,66,62,12,6.16,18,4,0.11,0.35,9.5
430,390,250,8.25,105,105,24,6.16,28,8.8,0.11,0.14,4.8
431,308,190,8.2,92,92,24,6,23,8.3,0.11,0.11,3.9
432,244,160,7.97,65,64,13,6,18.6,4.4,0.12,0.14,3.3
433,380,240,8.3,103,103,24,5.8,23,11.1,0.12,0.08,2.8
434,240,150,7.99,63,62,14,5.9,18.6,3.93,0.1,0.17,3.4
435,305,190,8.26,94,92,21,4.7,31,3.6,0.11,0.1,2.3
436,395,250,8.23,105,103,24,5.68,28,8.3,0.12,0.17,4.9
437,330,200,8.25,94,94,22.6,5.87,23,8.7,0.12,0.14,3
438,320,200,8.37,101,98,22,5.1,30,5.4,0.12,0.13,3.2
439,395,240,8.08,103,103,25,5.7,23,11,0.12,0.11,4
440,390,240,8.14,103,103,24,5.9,23,11,0.11,0.38,8
441,231,150,6.75,73.26,64,13.8,4.52,19.42,3.77,BDL,0.05,2.5
442,235,150,7.81,75.24,66,14.78,4.81,20.2,3.78,BDL,0.05,2.5
443,246,160,7.8,77.22,68,14.78,5.19,20.97,3.8,BDL,0.07,2.5
444,358,220,7.85,114.84,110,22.67,7.89,22.53,13.06,0.12,0.14,4.8
445,244,150,7.87,77.22,68,14.78,4.71,20.97,3.8,0.1,0.1,3
446,241,150,7.3,75.24,66,13.8,5.29,20.2,3.78,0.1,0.13,3.2
447,240,150,7.97,77.22,68,14.78,5.29,20.97,3.8,BDL,0.1,3.1
448,244,150,7.12,77.22,68,14.78,5.48,20.97,3.8,0.1,0.07,2.4
449,265,170,7.8,81.18,70,15.77,5.48,21.75,3.81,0.11,0.08,2.5
450,361,230,8.01,116.82,112,23.65,8.18,23.3,13.07,0.11,0.12,4.2
451,255,160,7.84,79,68,14.78,5.48,20.97,3.8,0.11,0.12,2.5
452,235,150,7.76,75.24,66,14.78,5,20.2,3.78,0.1,0.18,4.8
453,394,250,7.52,122.76,114,25.62,8.85,28.74,10.26,0.15,0.14,4.8
454,390,250,7.72,122.76,112,24.64,9.04,27.96,10.24,0.15,0.65,15
455,278,170,7.86,71.28,80,12.81,5.77,21.62,6.32,0.11,0.15,3.5
456,282,170,7.83,75.24,84,14.29,5.87,23.22,6.32,0.11,0.14,3.2
457,275,170,7.95,67.32,76,11.83,4.81,20.82,5.83,0.12,0.14,3.6
458,430,260,7.96,108.9,130,29.57,8.66,30.43,13.12,0.17,0.23,4.9
459,280,170,7.99,73.26,82,13.8,5.77,22.42,6.32,0.14,0.18,4.6
460,280,170,7.87,73.26,82,13.8,5.77,22.42,6.32,0.14,0.18,4.6
461,277,170,7.94,71.28,80,12.81,5.58,21.62,6.32,0.12,0.17,4.7
462,279,170,7.9,73.26,82,13.8,6.25,22.42,6.32,0.14,0.17,3.8
463,420,260,7.98,108.9,136,21.68,5.77,31.23,14.09,0.12,0.16,3.9
464,420,260,7.98,106.92,128,28.58,7.7,29.63,13.12,0.13,0.2,3.6
465,400,260,8.03,102.96,130,20.7,5.29,28.83,14.09,0.14,0.16,3.5
466,410,260,8.08,106.92,134,20.7,5.58,30.43,14.09,0.13,0.18,4.7
467,445,270,7.85,112,138,24.64,6.54,32.83,13.61,0.14,0.15,3.3
468,441,270,7.61,111,140,24,6.25,32,14.6,0.12,0.2,4.9
469,305,190,7.5,75.6,78,14.89,5.87,19.22,7.29,0.14,0.12,3.7
470,315,200,7.5,77,80,14.89,6.06,20.02,7.29,0.12,0.08,4
471,310,200,7.5,75.6,78,14.89,5.87,19.22,7.29,0.14,0.08,4
472,420,260,7.61,96,104,20.84,8.18,22.42,11.66,0.17,0.18,4.8
473,314,200,8.1,77.7,78,14.89,5.87,20.02,6.8,0.13,0.08,3.9
474,299,190,7.78,73.5,76,13.9,5.87,18.42,7.29,0.12,0.06,3
475,335,210,7.67,81.9,86,19.85,5.87,22.42,7.29,0.13,0.13,3.7
476,310,190,7.5,73.5,76,13.9,5.58,18.42,7.29,0.12,0.08,4
477,340,210,7.57,84,88,20,6.06,23.22,7.29,0.13,0.13,3.8
478,350,210,7.61,84,88,19.85,6.06,23.22,7.29,0.13,0.08,3.7
479,450,280,7.6,100.8,108,21.84,8.47,24.02,11.66,0.2,0.18,4.5
480,360,220,7.63,86.1,90,20.84,6.25,24.02,7.29,0.14,0.12,3.6
481,505,310,7.26,115,116,23.82,7.79,30.43,9.72,0.12,0.12,3.7
482,533,330,7.26,121,122,25.81,8.18,32.03,10.21,0.15,0.35,8.5
483,296,190,7.84,83.16,84,16.87,5.87,22.42,6.8,0.17,0.14,4.6
484,288,180,7.21,95,80,15.88,5.29,21.62,6.32,0.18,0.14,4.8
485,299,190,7.8,85.14,86,17.87,6.45,22.42,7.29,0.17,0.18,4.8
486,376,230,7.87,91.08,102,22.83,6.73,26.43,8.75,0.13,0.17,4.9
487,295,180,7.87,81.18,82,16.87,5.68,21.62,6.8,0.14,0.15,4.8
488,290,180,7.95,79.2,80,15.88,5.29,21.62,6.32,0.18,0.15,4.9
489,291,180,7.88,81.18,82,16.87,5.48,21.62,6.8,0.18,0.17,4.9
490,296,190,7.85,83.16,84,16.87,5.68,22.42,6.8,0.14,0.18,4.9
491,338,210,7.72,87.12,98,20.84,6.45,24.02,9.23,0.12,0.13,4.7
492,370,230,7.88,87.12,100,22.83,6.45,25.63,8.75,0.14,0.15,4.7
493,379,240,7.77,93.06,104,23.82,6.93,27.23,8.75,0.14,0.11,3.7
494,383,240,7.77,97.02,108,24.82,7.41,28.83,8.75,0.15,0.13,4.4
495,468,290,7.88,114.84,130,30.77,8.66,36.04,9.72,0.16,0.15,4.4
496,459,290,7.91,112.86,130,29.78,8.47,36.04,9.72,0.16,0.62,16
497,232,150,7.45,92,89,15,6.54,24,7.39,BDL,0.13,4.3
498,229,140,7.02,89,87,14,6.25,23,7.4,BDL,0.12,4
499,232,150,7.45,91,89,15,6.25,24,7.39,0.11,0.14,4.8
500,304,190,7.98,117,114,23,6.73,25.87,12,0.16,0.15,4.1
501,239,150,7.45,92,89,16,6.54,24,6.93,0.16,0.14,4.8
502,297,180,7.85,115,106,19,6.93,29,8.31,0.14,0.17,4.9
503,268,160,8.15,94,89,17.24,6.35,25.11,6.46,0.13,0.52,4.8
504,291,180,7.82,115,104,19,6.73,28.91,7.85,0.19,0.15,4.9
505,240,150,7.91,94,91,15,6.54,24.34,7.39,0.17,0.14,4.6
506,307,190,7.84,118,114,23,6.93,26,12,0.13,0.19,4.1
507,278,170,8,108,97,18.15,6.64,26.63,7.39,0.19,0.52,4.5
508,264,160,7.91,101,93,17,6.25,25.11,7.39,0.18,0.5,4.9
509,321,200,7.88,122,120,24,7.22,27.39,12.47,0.2,0.15,3.8
510,338,210,7.85,129,124,25,7.5,28.91,13,0.25,0.25,3.5
511,260,160,7.5,74,78,13,5.3,18,7.78,0.11,0.12,4.8
512,240,150,7.15,73,76,14,5.9,19,6.8,0.1,0.05,4.9
513,250,160,8.1,69,70,14,5.1,17,6.8,0.1,0.08,4.5
514,350,210,7.95,86.1,96,20,6.25,23.22,9.23,0.11,0.08,4.9
515,240,150,8,63,68,13,4.52,15.22,7.29,0.14,0.1,4.9
516,230,150,8,69,72,14,6,17.62,6.8,0.11,0.1,4.8
517,300,190,8,81.9,80,19,5.87,21.12,6.32,0.1,0.07,4.5
518,270,170,7.8,69,77,15,5.1,20,6.32,0.12,0.06,4.5
519,310,200,8,81.9,90,20,5.87,20.12,8.26,0.12,0.05,3.9
520,340,210,8,84,92,19,6.16,22.42,8.75,0.1,0.07,3.5
521,300,190,7.95,82,88,18,6.25,21.62,8.26,0.11,0.1,3.8
522,290,190,7.85,80,84,18,5.29,20.82,7.78,0.12,0.08,3.5
523,400,250,8.1,102,110,22.83,7.02,20.82,14.09,0.1,0.06,3
524,400,250,8.1,102,114,22.83,7.02,22.42,14.09,0.11,0.38,6.5
525,280,180,7.7,77,80,15,5.1,20,7.29,0.13,0.1,4.4
526,261,160,7.15,74,76,14,6,19,6.8,0.1,0.05,4.9
527,260,170,8.15,71,72,13.9,4.91,17.62,6.8,0.1,BDL,4.8
528,373,230,8.04,90,100,19.85,6,22,11,0.1,0.06,4.2
529,231,160,8.19,65,70,13,4.62,16,7.29,0.13,0.07,4.8
530,250,160,8.17,71,74,13,5.58,18,6.8,0.1,0.06,4.9
531,280,180,7.99,71,76,15,5.3,20.02,6.32,0.14,0.07,4.8
532,327,210,8.1,79.8,84,18.86,5.87,21.62,7.29,0.1,BDL,3.5
533,360,230,8.12,84,86,18.86,5.96,22.42,7.29,0.11,0.07,3
534,340,210,8.05,82,84,18.86,5.58,22.42,6.8,0.11,0.07,3
535,320,200,8.12,77,82,18,5.1,20.82,7.29,0.12,0.06,3.7
536,428,270,8.1,102,114,24,7.02,22,14,0.1,0.1,2.9
537,428,270,8.2,105,116,24,7.5,23,14.09,0.11,0.44,6
538,247,160,7.59,81,78,14,5.39,21,6,0.17,0.17,2.6
539,248,160,7.42,87,80,15,5.58,22.06,6,0.12,0.12,1.8
540,232,150,7.82,72,70,13,5.1,19,5.54,0.1,0.19,3.5
541,248,150,7.59,84,80,15,5.77,22,6,0.16,0.13,3.9
542,207,130,7.76,74,70,17,6.25,20,5.08,0.13,0.13,2.6
543,305,190,7.82,99,98,18,5.96,27,7.39,0.18,0.15,3.2
544,236,150,7.73,72,72,13,5,20,5.54,0.11,0.15,2.3
545,266,170,7.76,83,87,18.15,6.73,22.82,7.39,0.23,0.21,2.5
546,302,190,7.59,95,98,18,5.77,26.63,7.85,0.17,0.17,3.9
547,310,190,7.42,100,100,19,6.25,28.15,7.39,0.21,0.18,4.5
548,366,220,8.2,119,132,22.69,5.77,29.67,14,0.22,0.17,4.4
549,368,230,7.89,120,133,24,5.96,30,14,0.23,0.47,8.6
550,152,100,7.56,36,53,14,4.33,13.61,4.67,0.11,0.1,4.9
551,161,100,7.55,42,58,15,4.33,15,5.08,BDL,0.34,12
552,155,100,7.7,38,55,14,4.52,13.61,5.13,0.1,0.16,4.9
553,268,170,7.45,80,91,26,7.6,24.88,7.1,0.11,0.16,3.8
554,159,100,7.74,40,57,14,4.52,14,5.1,0.1,0.13,4.8
555,156,110,7.1,38,55,14.4,4.62,14.41,4.64,0.11,0.14,4.9
556,153,100,7.62,38,55,14,4.52,13,5.13,0.11,0.14,4.8
557,156,11,7.67,38,55,14.5,4.62,15.41,4.64,0.11,0.12,4.9
558,133,90,7.44,38,53,13.5,4.23,13.61,4.67,0.1,0.08,4.8
559,280,180,7.32,80,95,26.91,8.08,25.63,7.53,0.12,0.12,4
560,244,150,7.57,78,87,25,7.41,23.22,7.14,BDL,0.07,3.5
561,246,150,7.49,78,87,25,7.6,24,6.66,0.1,0.12,3.9
562,327,200,7.32,98,112,28,9,24.34,12.47,0.1,0.08,4.1
563,330,210,7.25,100,114,29,9.52,25.11,12.47,0.11,0.49,15
564,152,100,7.63,36,53,13,4.33,14,4.67,0.11,0.13,4.8
565,154,100,7.63,38,55,14,4.33,13.61,5.13,BDL,0.18,4.9
566,166,110,6.91,40,57,14,5.27,12,6.55,BDL,0.31,6
567,1157,720,7.1,350,247,108,25,62,18.71,1.17,0.83,6.3
568,176,110,7.62,46,65,21,6,16,5.98,BDL,0.15,3.4
569,233,180,7.49,80,95,3200,5.55,28.5,5,0.25,0.15,1.5
570,182,120,7.42,50,65,17,6,17.62,5,30,BDL,1
571,155,90,742,46,51,26.49,5.25,23.6,12,23.61,0.25,3
572,160,100,7.9,49,60,15,4.52,16,4.86,BDL,0.16,3.3
573,153,100,7.94,48,58,15,4.14,15,4.86,0.1,0.16,1.2
574,155,100,7.98,48,58,15,4.14,15,4.86,0.1,0.27,4.2
575,171,110,8.02,65,70,16,4.52,16,6.8,0.12,0.18,4
576,152,100,7.9,48,58,15,3.94,15,4.86,0.12,0.27,4.8
577,227,140,8.07,88,110,31,7.02,24.82,11.66,0.12,0.18,4.9
578,166,100,7.91,52,60,18,4.71,16,4.86,0.1,0.25,3.9
579,176,110,7.75,60,72,17,5.19,16.82,7.29,0.1,0.16,3.9
580,276,170,7.95,95,118,33,8.47,27,12.15,0.1,0.1,3.3
581,308,190,7.72,88,122,35,8.75,29,12.15,0.12,0.12,3.3
582,362,230,7.59,104,124,38,9.5,32,10.69,0.1,0.18,4.9
583,400,250,7.55,108,128,40,10,34,10.69,0.11,0.5,12
584,173,110,7.86,67,70,17,4.71,16.82,6.8,0.1,0.18,3.9
585,181,120,7.93,69,72,19,5.48,17,7.29,0.12,0.27,4.3
586,168,150,7.8,76,65,19,6.06,22.42,2.09,0.25,0.1,BDL
587,100,132,7.6,42,57,17.49,6.83,16,4.13,0.19,0.32,4
588,BDL,7.88,7.4,BDL,BDL,BDL,BDL,BDL,BDL,BDL,BDL,BDL
589,190,7.12,7.12,92,104,33,7.12,29,7.9,0.38,0.18,BDL
590,100,7.7,46,49,55,16,5,16,3.67,0.23,BDL,3.4
591,200,7.85,94,72,112,31.49,5.96,32,7.8,0.38,0.35,BDL
592,100,7.21,44,95,57,14.5,5.48,16,4.13,0.18,0.57,10
593,100,7.18,46,52,57,15.5,5.39,18.42,2.67,0.19,0.36,5
594,160,100,7.9,49,60,15,4.52,16,4.86,BDL,0.16,3.3
595,153,100,7.94,48,58,15,4.14,15,4.86,0.1,0.16,1.2
596,155,100,7.98,48,58,15,4.14,15,4.86,0.1,0.27,4.2
597,171,110,8.02,65,70,16,4.52,16,6.8,0.12,0.18,4
598,152,100,7.9,48,58,15,3.94,15,4.86,0.12,0.27,4.8
599,227,140,8.07,88,110,31,7.02,24.82,11.66,0.12,0.18,4.9
600,166,100,7.91,52,60,18,4.71,16,4.86,0.1,0.25,3.9
601,176,110,7.75,60,72,17,5.19,16.82,7.29,0.1,0.16,3.9
602,276,170,7.95,95,118,33,8.47,27,12.15,0.1,0.1,3.3
603,308,190,7.72,88,122,35,8.75,29,12.15,0.12,0.12,3.3
604,362,230,7.59,104,124,38,9.5,32,10.69,0.1,0.18,4.9
605,400,250,7.55,108,128,40,10,34,10.69,0.11,0.5,12
606,173,110,7.86,67,70,17,4.71,16.82,6.8,0.1,0.18,3.9
607,181,120,7.93,69,72,19,5.48,17,7.29,0.12,0.27,4.3
608,235,150,7.8,76,65,19,6.06,22.42,2.09,0.25,0.1,BDL
609,100,110,7.6,42,57,17.49,6.83,16,4.13,0.19,0.32,4
610,311,190,7.12,92,104,33,7.12,29,7.9,0.38,0.18,BDL
611,166,100,7.7,46,55,16,5,16,3.67,0.23,BDL,3.4
612,326,200,7.85,94,112,31.49,5.96,32,7.8,0.38,0.35,BDL
613,157,100,7.21,44,57,14.5,5.48,16,4.13,0.18,0.57,10
614,160,100,7.18,46,57,15.5,5.39,18.42,2.67,0.19,0.36,5
615,140,90,8.07,54,60,14,5.58,15,4.26,BDL,0.12,3.2
616,157,100,7.71,53.59,62,15.5,5.77,17.62,4.37,0.12,0.39,4.8
617,155,100,8.15,59,62,16,5.77,17.62,4.37,0.12,0.19,4.3
618,103,100,8.2,54,62,16,5.58,15,5.35,0.11,0.2,4.3
619,22,100,7.9,49,62,15.5,5.77,16.82,4.26,0.11,0.15,4.6
620,250,160,8.08,83,95,24.5,6.35,22,9.72,0.14,0.14,5.4
621,151,100,3.57,54,60,15,5.58,16.82,4.37,0.11,3.17,4.4
622,192,120,7.79,59,70,12,6.45,22.42,4.86,BDL,0.34,3.6
623,258,160,7.46,82,96,24,6.35,22.42,9.72,0.12,0.12,2.7
624,204,170,7.46,87,100,25,6.64,24,9.72,0.12,0.1,2.4
625,342,210,756,115,122,34,8.18,33.63,9.23,0.13,0.1,2.5
626,333,200,7.2,113,120,33,7.98,32,9.72,0.14,0.28,3
627,152,100,7.99,54.03,62,16,5.58,16.02,5.35,0.11,0.13,4.5
628,154,100,8.04,53,62,16,5.77,17.62,4.37,0.11,0.11,0
629,160,100,7.24,44,55,17.49,5.1,14.41,4.64,0.2,0.29,5.5
630,704,480,7.27,245,254,58,9,67,21,0.69,0.33,2.6
631,1526,950,7.39,376,421,182,55,85,51,0.8,0.19,1
632,182,110,7.63,50,53,20,9,16,3.21,0.14,0.24,6
633,173,100,7.77,50,62,26,9.14,14,6.5,BOL,1.37,12
634,179,110,7.75,46,59,15,5.58,16,4.6,0.15,0.13,3.3
635,169,100,7.68,40,57,18,6.64,15.22,4.62,0.17,0.2,5
636,1193,740,7.67,400,224,93,6.16,52,23,0.28,0.07,1
637,186,115,7.98,74,74,21.34,5.58,21.62,4.86,0.11,0.21,4.9
638,167,100,8.23,68,64,19.36,4.91,17.62,4.86,0.1,0.19,3.4
639,169,105,7.86,70,68,20.36,5.39,18.43,5.35,0.11,0.23,4.9
640,187,115,7.9,75,78,21.34,6.83,20.32,6.32,0.13,0.27,4.9
641,173,110,7.76,74.91,72,20.35,6.64,19.22,5.83,0.12,0.23,4.9
642,177,110,7.95,70,68,20.35,5.39,18.41,5.35,0.1,0.21,4.8
643,292,180,7.9,113,104,24.32,6.83,23.22,11.18,0.1,0.18,3.5
644,188,115,8.15,77,74,22.33,5.87,21.62,4.86,0.12,0.17,3.1
645,286,180,7.69,111,100,25.31,6.35,22.41,10.69,BDL,0.19,3.1
646,279,170,7.94,102,100,23.33,6.06,21.02,11.18,0.1,0.18,2.9
647,277,170,7.94,102,98,23.33,5.87,20.82,11.18,BOL,0.17,2.8
648,381,235,7.5,132,134,34.24,7.89,36.04,10.69,0.12,0.19,2.9
649,372,230,7.59,129,134,34.24,8.08,36.84,10.21,0.13,0.33,3.7
650,176,110,7.86,68,70,20.35,4.52,20.82,4.71,0.1,0.2,4.8
651,176,110,7.96,68,70,20.35,4.52,20.37,4.37,0.1,0.18,4.9
652,191,120,7.75,50,61,18,5.9,16,5,0.31,0.3,1.6
653,264,160,7.85,80,87,17.5,5.8,22.4,7.63,0.29,0.12,BDL
654,3030,1850,7.01,434,644,347,106,153,63.2,0.82,0.3,1.6
655,2145,1330,7.44,376,424,272,89,95,4.61,0.93,0.1,BDL
656,169,110,7.3,59,72,15,5.58,17.62,6.8,0.1,0.16,4.2
657,277,180,8.01,79,106,26.12,5.39,28.03,8.75,0.13,0.07,2.5
658,163,110,7.73,59,70,15,5.19,17,6.8,0.1,0.07,2.3
659,157,110,7.09,63,70,13,5.19,16,7.29,0.12,0.18,4.2
660,168,110,7.78,59,72,15.28,5.39,17.62,6.8,0.12,0.12,4
661,286,180,7.78,84,122,28.09,5.87,29.63,11.66,0.15,0.08,2.8
662,165,110,7.96,59,72,15.28,5.29,17.62,6.8,0.14,0.14,4.3
663,166,110,7.93,59,72,16,5,17.62,6.8,0.14,0.17,4.8
664,280,180,7.86,81,110,27,5.58,28.83,9.23,0.12,0.1,2.8
665,172,110,7.61,68,76,16.26,5.87,17.62,7.78,0.12,0.18,3.8
666,184,120,8.16,70,72,17,5.87,17.62,6.8,0.1,0.16,3.9
667,292,190,8.29,88,122,29,6.16,31.23,10.69,0.12,0.06,1.9
668,282,180,8.17,81,108,27,5.77,28.83,8.75,0.11,0.06,1.8
669,343,220,7.72,134,136,34,6.35,36,11.18,0.1,0.18,2.5
670,366,230,7.79,134,136,36,6.83,36,11.18,0.14,0.27,3
671,144,90,7.28,55,64,12,5,14.41,6.8,0.1,0.13,3.8
672,165,110,7.12,65,72,15,5.39,16.82,7.29,0.12,0.14,4
673,1474,910,7.13,274,428,179,35.7,102,42,1.04,0.16,2.7
674,30,15,7.76,2,2,BDL,BDL,BDL,BDL,BDL,BDL,BDL
675,166,110,6.91,40,57,14,5.87,12,6.56,BDL,0.31,6
676,177,110,7.47,63.56,74,16.87,7.48,17.62,7.29,0.11,0.11,2.6
677,294,180,7.73,91,110,29.41,8.05,29.41,7.29,0.1,0.13,2.4
678,187,120,7.55,68,78,16.87,7.48,19.22,7.29,0.16,0.17,4.3
679,165,100,7.25,59,72,14.95,6.67,16.82,7.29,0.11,0.13,3.1
680,168,100,7.25,59,72,14.95,6.67,16.82,7.29,0.11,0.16,4
681,294,180,7.7,93,112,30.37,8.28,32.04,7.78,BDL,0.11,2.2
682,293,180,7.55,93,112,30.37,8.05,32.03,7.78,0.12,0.13,2.5
683,175,110,6.84,63.5,72,15.91,6.67,17.62,6.8,0.16,0.11,2.8
684,309,190,7.55,118,128,33.27,8.05,30.43,12.64,0.16,0.08,3.8
685,173,110,7.45,63.56,74,15.91,7.48,17.43,7.29,0.11,0.15,2.4
686,175,110,7.68,63.56,74,15.91,7.02,18.43,6.8,0.11,0.13,4.3
687,304,190,7.72,118,128,32.36,7.82,30.04,12.64,0.11,0.06,2.5
688,302,190,7.62,118,128,31.34,7.48,28.83,13.61,BDL,0.08,2.6
689,380,250,7.59,136,142,35.19,8.51,32.03,15.07,0.21,0.11,2
690,395,250,7.45,141,146,36.16,9.2,32.83,15.55,0.26,0.21,3
691,166,100,7.24,59,72,15.91,6.67,16.82,7.29,0.11,0.11,2.8
692,173,110,7.25,63,74,16.57,7.13,17.62,7.29,0.16,0.15,4.3
693,181,110,8.06,68,77,16.87,7.82,7.49,7.29,0.11,0.12,0.13
694,303,190,7.72,120,130,32.3,7.13,29.63,7.29,0.11,0.2,0.19
695,170,110,7.73,63,73,15.91,7.48,16.82,7.6,0.16,0.17,BDL
696,173,110,7.18,63.36,73,15.61,7.14,18.43,6.62,0.11,0.13,3.1
697,175,110,8.04,63.5,73,15.91,7.48,16.82,7.6,0.13,0.11,1.7
698,282,180,7.99,91,113,30.37,8.63,31.71,8.18,0.12,0.08,1.2
699,272,170,8.01,88,108,29.41,8.05,30.15,8.18,BDL,0.11,2.2
700,165,110,7.81,59,71,16.87,7.48,16.82,7.12,0.1,0.08,2
701,310,190,7.72,123,132,36.16,7.82,30.23,13.61,0.15,0.11,1.3
702,165,110,7.18,59,71,15.91,7.14,16.82,7.12,0.12,0.11,2.8
703,130,130,8.01,81,82,19.77,7.48,20.82,7.29,BDL,0.08,1.6
704,190,8.02,120,130,BDL,31.34,6.9,29.63,13.61,0.2,0.19,2.5
705,170,8.01,86,103,BDL,8.05,8.05,30.13,6.74,0.12,0.13,2.2
706,230,7.72,136,140,BDL,8.63,7.2,32.03,14.58,0.25,0.19,2.6
707,230,7.5,136,140,BDL,8.97,32.03,32.03,14.58,0.28,0.23,3
708,110,7.85,57,69,BDL,7.13,15.86,29.53,7.22,0.1,0.11,2
709,110,8.17,66,75,BDL,7.48,18.43,22,7.11,0.14,0.16,2.1
710,175,110,7.98,65,65,16.14,4.83,19.03,9.33,BDL,0.1,1
711,311,190,8.13,131,140,25.93,6.79,34.88,12.99,0.28,0.2,2
712,186,110,7.91,68,69,17,5.29,21.41,3.85,0.1,0.08,1
713,179,110,8.09,68,69,17.12,4.95,20.61,4.33,BDL,0.16,2
714,182,110,7.97,68,69,17.12,5.29,21.41,3.85,0.1,0.08,1.5
715,319,200,7.94,136,139,26.91,7.13,34.88,12.51,0.29,0.19,1.8
716,180,110,8.08,68,69,17.12,4.95,20.61,4.33,BDL,0.11,1.5
717,175,100,7.87,66,65,16,4.83,19,4.33,BDL,0.05,1
718,210,210,8.04,132,138,27.88,7.36,34.81,12.51,0.3,0.15,1.5
719,110,185,7.38,68,69,17,4.95,20.61,4.33,BDL,0.11,1.4
720,100,120,7.91,66,65,16.14,4.83,19.03,4.33,BDL,BDL,1
721,210,7.93,7.93,132,138,27.88,7.36,34.88,12.51,0.3,0.16,1.5
722,200,7.94,7.94,136,139,26.91,7.13,34.83,12.51,0.29,0.19,1.8
723,250,145,7.82,145,149,36,7.48,37.26,13.47,0.24,0.13,2.2
724,250,145,7.66,140,149,37,7.71,37.26,13.47,0.36,0.23,3
725,110,68,7.98,133,69,17.12,5.29,21.41,3.85,0.1,0.08,1
726,183,120,7.62,63,77,18,5.64,22.49,5.25,0.13,0.11,1.5
727,377,230,8.34,144,151,37,8,36.69,14.7,0.12,0.12,1.7
728,180,120,7.85,61,75,18,5.52,21.62,5.25,BDL,0.08,1
729,175,110,7.47,59,73,16,5.29,19.89,5.77,BDL,0.06,1.3
730,173,110,7.98,59,71,16,5.64,20,5.25,0.12,0.08,1.2
731,196,120,7.83,69,73,20.06,5.75,21.62,4.72,0.11,0.08,1.8
732,179,110,7.84,61,73,16,5.41,20,5.77,0.13,0.06,1.5
733,330,210,7.83,140,146,32.78,7.82,34.59,14.7,0.11,0.11,1.6
734,180,120,7.62,61,75,17,5.75,21.62,5.25,BDL,0.06,1.2
735,184,120,7.75,63,77,18,5.75,22.4,5.25,0.13,0.12,1.5
736,355,220,8.28,142,149,33.76,8.05,36.32,14.17,0.11,0.13,2.5
737,340,210,8.15,140,147,33,7.9,34.59,14.7,0.12,0.11,1.6
738,410,250,8.25,153,155,38,8.63,36.32,15.75,0.16,0.08,1.5
739,381,240,8.11,146,151,37,8.28,36.69,14.7,0.16,0.23,6.5
740,180,120,7.81,61,75,17,5.52,21,5.25,0.11,0.06,1.2
741,184,120,7.77,63,77,18,5.75,22.49,5.25,0.12,0.08,1.4
742,192,120,7.23,63,77,18,5.64,22.49,5.25,0.13,0.11,1
743,368,230,7.4,146,151,35,2.4,35.46,15.22,0.12,0.16,2.9
744,200,130,7.25,65,75,19,5.52,21.62,5.25,0.09,0.08,1
745,198,120,7.01,61,75,17,5.75,20.16,5.77,BDL,0.08,1
746,200,120,7.18,67,75,19.08,6.49,24.22,3.67,0.12,0.1,1.4
747,334,210,7.17,137,146,31.8,7.48,33.73,15.22,0.11,0.13,2.7
748,191,120,7.2,69,73,20.06,8.72,21.62,4.72,0.11,0.08,1.1
749,195,110,7.13,61,73,16.14,5.41,19.89,5.77,0.13,0.08,1.6
750,320,210,7.43,141,147,32.78,7.82,34.59,14.7,0.11,0.12,2.1
751,200,130,7.1,65,77,17,6.33,22.49,5.25,0.09,0.06,1.2
752,208,130,7.55,65,75,19,5.52,21.62,5.25,0.09,0.08,1
753,359,220,7.47,142,149,34,8.05,36.32,14.17,0.11,0.12,2.2
754,356,220,7.48,142,149,33,8.05,36.32,14.17,0.11,0.12,2.1
755,435,270,7.6,146.88,155,38,8.63,36.32,15.75,0.16,0.14,3
756,422,260,7.56,153,157,39,9.2,38.92,14.7,0.18,0.47,12
757,186,120,7.12,61,75,17,5.52,21.62,5.25,0.11,0.06,1.2
758,199,120,7.95,63,77.76,18,5.75,22.49,5.25,0.12,0.08,1
759,249,150,7.8,65,73,14,4.83,18.16,6.82,0.11,0.06,1.5
760,426,270,8.09,128,151,34.24,8.63,38.92,13.12,0.29,0.21,3.5
761,255,160,7.38,65,75,14,5.18,17,7.87,0.15,0.11,1.5
762,246,150,8.03,63,73,13,4.83,17,7.35,0.11,0.11,2
763,260,170,8.05,69,79,15,5.52,19,7.87,0.11,0.12,1.5
764,266,160,7.97,67,77,15,5.52,18.16,7.87,0.13,0.12,1.9
765,254,160,8.07,67,77,14,5.52,18,7.87,0.14,0.19,2.2
766,490,300,7.95,132,157,36,8.97,40.65,13.65,0.2,0.3,4
767,255,160,7.91,65,75,14,5.18,17,7.87,0.15,0.16,2
768,170,180,8.06,67,77,15,5.52,18.16,7.87,0.14,0.13,1.8
769,330,250,8.08,122,140,31,7.94,35.46,12.6,0.26,0.27,4
770,300,290,8.05,130,155,35,8.63,39.78,13.65,0.26,0.27,3.5
771,265,330,7.99,142,140,39,9.2,43.24,7.87,0.41,0.21,4.8
772,190,330,8.01,144,142,40,9.78,44.97,7.35,0.44,0.48,7
773,180,160,7.7,67,77,15,5.2,18.16,7.87,0.14,0.16,2.2
774,150,7.8,63,73,BDL,13,4.6,17.3,7.35,0.14,0.08,1.8
775,255,160,7.9,65,75,14,5.06,19,6.82,0.14,0.08,1.8
776,428,270,8.07,130,151,35,8.86,39.78,12.6,0.26,0.23,3.7
777,250,150,8.05,63,73,13,4.83,17.3,7.35,0.11,0.13,2.5
778,265,170,8.08,71,79,15,5.18,18.16,8.4,0.13,0.15,1.8
779,270,170,7.92,69,77,16,5.75,19.03,7.35,0.11,0.13,2.1
780,258,160,8.09,67.32,77,14,5.52,18.16,7.87,0.11,0.21,2.5
781,495,300,7.85,132,157,37,8.63,40.65,13.65,0.17,0.27,3.8
782,260,160,7.91,65,77,15,5.18,17.3,8.4,0.13,0.18,2.2
783,280,180,8.01,69,79,16,5.75,19,7.87,0.14,0.16,2.1
784,400,250,8.05,122,140,32,8.17,35.46,12.6,0.23,0.29,4.2
785,470,290,8.08,132,157,36,8.63,39.78,14.17,0.23,0.27,3.7
786,535,330,7.95,142,140,39,9.78,43,7.87,0.41,0.21,4.5
787,535,330,8.05,144,142,41,9.78,45.84,6.82,0.41,0.51,13
788,270,170,7.9,69,77,16,5.29,18.16,7.87,0.11,0.19,2.5
789,250,160,7.9,65,75,14,5.18,18.16,7.35,0.13,0.11,2
790,250,160,7.45,65,75,14.68,5.06,19.03,6.82,0.14,0.08,2
791,430,270,7.89,132,151,36.2,8.63,39.78,12.6,0.26,0.23,4
792,231,140,7.83,61,73,13.7,4.83,17.3,7.35,0.11,0.13,2.5
793,250,150,8.05,63,73,13.7,4.83,17.3,7.35,0.11,0.13,2.5
794,265,170,8.08,71.4,80,15.65,5.18,18.16,8.4,0.13,0.15,1.8
795,330,210,7.17,136,146,31.8,7.48,33.73,15.22,0.11,0.13,2.7
796,280,175,7.68,69,77,16.63,5.75,19.03,7.35,0.11,0.13,2.1
797,260,160,7.98,67,78,14.68,5.52,18.16,7.87,0.11,0.21,2.5
798,470,290,7.68,133,159,36.2,8.74,39.31,14.7,0.17,0.28,4
799,270,170,7.86,67,78,15.65,5.64,17.05,8.4,0.13,0.18,2.3
800,296,180,7.69,73,84,17.61,6.1,21.62,7.35,0.13,0.2,2.5
801,380,240,7.59,120,131,30.33,7.82,32,12.6,0.23,0.27,4
802,474,299,7.92,132,157,36.2,8.63,39.68,14.17,0.23,0.25,3.5
803,530,330,7.93,142,140,39.14,9.43,43.24,7.87,0.41,0.2,4.3
804,320,280,7.91,143,146,41.09,9.2,45.84,7.87,0.38,0.35,7.5
805,230,170,7.68,69,78,16.63,5.29,18.16,7.87,0.11,0.17,2.3
806,190,160,7.56,65,76,14.68,5.18,18.16,7.35,0.13,0.12,2
807,183,120,7.62,63,77,18,5.64,22.49,5.25,0.13,11,1.5
808,377,230,8.34,144,151,37,8,36.69,14.7,0.12,0.12,1.7
809,190,120,7.85,61,75,18,5.52,21.62,5.25,BDL,0.08,1
810,175,110,7.47,59,73,16,5.29,19.89,5.77,BDL,0.06,1.3
811,173,110,7.98,59,71,16,5.64,20,5.25,0.12,0.08,1.2
812,196,120,7.83,69,73,20.06,5.75,21.62,4.72,0.11,0.08,1.8
813,179,110,7.84,61,79,16,5.41,20,5.77,0.13,0.06,1.5
814,330,210,7.83,140,146,32.78,7.82,34.59,14.7,0.11,0.11,1.6
815,180,120,7.62,61,75,17,5.75,21.62,5.25,BDL,0.06,1.2
816,184,120,7.75,63,77,18,5.75,22.4,5.25,0.13,0.12,1.5
817,355,220,8.28,142,149,33.76,8.05,36.32,14.17,0.11,0.13,2.5
818,340,210,8.15,140,147,33,7.9,34.59,14.7,0.12,0.11,1.6
819,410,250,8.25,153,155,38,8.63,36.32,15.75,0.16,0.08,1.5
820,240,240,8.11,146,151,37,8.28,36.69,14.7,0.16,0.23,6.5
821,120,163.5714286,7.81,61,75,17,5.52,21,5.25,0.11,0.05,1.2
822,120,240,7.77,63,77,18,5.75,22.49,5.25,0.12,0.08,1.4
823,192,120,7.23,63,77,18,5.64,32.49,5.25,0.13,0.11,1
824,358,230,7.4,146,151,35,8.4,35.46,15.22,0.12,0.16,2.9
825,200,130,7.25,65,75,19,5.52,21.62,5.25,0.09,0.08,1
826,198,120,7.01,61,75,17,5.75,20.16,5.77,BDL,0.08,1
827,200,120,7.18,167,75,19.08,6.49,24.22,3.67,0.12,0.1,1.4
828,334,210,7.17,137,146,31.8,7.48,33.73,15.22,0.11,0.13,2.7
829,191,120,7.2,69,73,20.06,8.72,21.62,4.72,0.11,0.08,1.1
830,195,110,7.13,61,73,16.14,5.41,19.89,5.77,0.13,0,1.6
831,320,210,7.43,141,147,32.78,7.82,34.59,14.7,0.11,0.12,2.1
832,200,130,7.1,65,77,17,6.33,22.49,5.25,0.09,0.06,1.2
833,208,130,7.55,65,75,19,5.52,21.62,5.25,0.09,0.08,1
834,359,220,7.47,142,149,34,8.05,36.32,14.17,0.11,0.12,2.3
835,356,220,7.48,142,149,33,8.05,36.32,14.17,0.11,0.12,2.1
836,435,270,7.6,146.88,155,38,8.63,36.32,15.75,0.16,0.14,3
837,422,260,7.56,153,157,39,9.2,38.92,14.7,0.18,0.47,12
838,186,120,7.12,61,75,17,5.52,21.62,5.25,0.11,0.06,1.3
839,199,120,7.95,63,77.76,18,5.75,22.49,5.25,0.12,0.119375,1
840,205,130,7.42,69,69,16.14,5.75,19.05,5.25,0.11,BDL,1.6
841,202,120,7.81,67,66,15,5.52,19.16,5.25,BDL,0.06,1
842,204,130,7.42,69,69,16,5.8,19,5.25,0.12,0.11,1.8
843,210,130,7.89,71,71,17,5.98,20,5.25,0.11,0.13,2.1
844,205,130,7.76,69,69,17,5.52,19,5.25,0.13,0.13,1.9
845,399,250,7.93,126,144,33.27,2.63,35.46,13.65,0.12,0.15,2.7
846,204,130,7.89,69,69,17,5.98,19,5.25,0.11,0.13,2.1
847,213,140,8.05,73,73,15.1,5.98,19.89,5.77,0.11,0.1,1.7
848,377,240,7.99,122,142,32.29,8.28,34.59,13.65,0.11,0.16,2.9
849,398,250,8.08,126,144,33.27,8.63,35.46,13.65,0.12,0.22,3.9
850,421,260,8,142,172,41,8.97,40,17.32,0.11,31,3.7
851,415,260,8.07,142,170,41,8.63,39,17.32,0.11,0.52,12.9
852,204,130,7.98,67,66,16,5.75,19.03,4.72,0.12,0.17,2.5
853,205,130,7.87,69,69,17.12,5.52,19.03,5.25,0.13,0.11,1.8
854,249,150,7.8,65,73,14,4.83,18.16,6.82,0.11,0.06,1.5
855,426,270,8.09,128,151,34.24,8.63,38.92,13.12,0.29,0.21,3.5
856,255,160,7.38,65,75,14,5.18,17,7.87,0.15,0.11,1.5
857,246,150,8.03,63,73,13,4.83,17,7.35,0.11,0.11,2
858,260,170,8.05,69,79,15,5.52,19,7.87,0.11,0.12,1.5
859,266,160,7.97,67,77,15,5.52,18.16,7.87,0.13,0.12,1.9
860,254,160,8.07,67,77,14,5.52,18,7.87,0.14,0.19,2.2
861,490,300,7.95,132,157,36,8.97,40.65,13.65,0.2,0.3,4
862,258,160,7.91,65,75,14,5.18,17,7.87,0.15,0.16,2
863,260,170,8.06,67,77,15,5.52,18.16,7.87,0.14,0.13,1.8
864,395,250,8.08,122,140,31,7.94,35.46,12.6,0.26,0.27,4
865,466,290,8.05,130,155,35,8.63,39.78,13.65,0.26,0.27,3.5
866,530,330,7.99,142,140,39,9.2,43.24,7.87,0.41,0.21,4.8
867,532,330,8.01,144,142,40,9.78,44.97,7.35,0.44,0.48,7
868,260,160,7.7,67,77,15,5.2,18.16,7.87,0.14,0.16,2.2
869,240,150,7.8,63,73,13,4.6,17.3,7.35,0.14,0.08,1.8
870,255,160,7.9,65,75,14,5.06,19,6.82,0.14,0.08,1.8
871,425,270,8.07,130,151,35,8.86,39.78,12.6,0.26,0.23,3.7
872,250,150,8.05,63,73,13,4.83,17.3,7.35,0.11,0.13,2.5
873,265,170,8.08,71,79,15,5.18,18.16,8.4,0.13,0.15,1.8
874,270,170,7.92,69,77,16,5.75,19.03,19.01,0.11,0.13,2.1
875,258,160,8.09,67.32,77,14,5.52,18.16,7.87,0.11,0.21,2.5
876,495,300,7.85,132,157,37,8.63,40.65,13.65,0.17,0.27,3.8
877,260,160,7.91,65,77,15,5.18,17.3,8.4,0.13,0.18,2.2
878,280,180,8.01,69,79,15,5.75,19,7.87,0.14,0.16,2.1
879,400,250,8.05,122,140,32,8.17,35.46,12.6,0.23,0.29,4.2
880,470,290,8.08,132,157,35,6.3,39.7,14.17,0.23,0.27,3.7
881,535,330,7.95,142,140,39,9.78,43,7.87,0.41,0.21,4.5
882,535,330,8.05,144,142,41,9.78,45.84,6.82,0.41,0.51,13
883,270,170,7.9,60,77,16,5.29,18.16,7.87,0.11,0.19,2.5
884,250,160,7.9,65,75,14,5.18,18.16,7.35,0.13,0.12,2
885,250,160,7.45,65,75,14.68,5.05,19.03,6.82,0.14,0.08,2
886,430,270,7.89,132,151,36.2,8.63,39.78,12.5,0.26,0.23,4
887,231,140,7.13,61,73,13.7,4.83,17.3,7.35,0.11,0.13,2.5
888,250,150,8.05,63,73,13.7,4.83,17.3,7.35,0.11,0.13,2.5
889,265,170,8.08,71.4,80,15.65,5.18,18.16,8.4,0.13,0.15,1.8
890,330,310,7.17,136,146,31.8,7.48,33.73,15.22,0.11,0.13,2.7
891,280,175,7.68,69,77,16.63,5.75,19.03,7.35,0.11,0.13,2.1
892,260,160,7.98,67,78,14.68,5.52,18.15,7.37,0.11,0.21,2.5
893,470,290,7.68,133,159,36.2,8.74,39.31,14.7,0.17,0.28,4
894,270,170,7.86,67,78,15.65,5.64,17.05,8.4,0.13,0.18,2.3
895,295,150,7.69,73,84,17.61,6.1,21.62,7.35,0.13,0.2,2.5
896,380,240,7.59,120,131,30.33,7.82,32,12.6,0.23,0.27,4
897,474,299,7.92,132,157,36.2,8.63,39.63,14.17,0.23,0.75,3.5
898,530,330,7.93,142,140,39.14,9.43,43.24,7.87,0.41,0.2,4.3
899,526,215,7.91,143,146,41.09,9.2,45.84,7.87,0.38,0.35,7.5
900,280,170,7.68,69,78,16.63,5.29,18.16,7.87,0.11,0.17,3.3
901,240,160,7.56,65,76,14.68,5.18,18.15,7.35,0.13,0.12,3.36
